CustomerID,cluster
12346.0,0
12347.0,1
12348.0,2
12349.0,0
12350.0,0
12352.0,0
12353.0,2
12354.0,2
12355.0,0
12358.0,0
12360.0,0
12361.0,2
12362.0,1
12363.0,0
12364.0,2
12365.0,0
12367.0,0
12370.0,1
12371.0,0
12372.0,0
12373.0,0
12374.0,0
12375.0,2
12379.0,0
12380.0,2
12381.0,2
12383.0,0
12384.0,0
12386.0,0
12388.0,1
12390.0,0
12391.0,2
12393.0,0
12394.0,2
12395.0,1
12397.0,0
12398.0,0
12399.0,0
12401.0,0
12402.0,2
12403.0,2
12405.0,2
12407.0,0
12408.0,1
12410.0,2
12412.0,0
12413.0,2
12414.0,0
12417.0,1
12418.0,2
12420.0,2
12421.0,2
12422.0,2
12423.0,0
12424.0,2
12425.0,2
12426.0,2
12427.0,0
12429.0,1
12430.0,2
12431.0,1
12434.0,2
12436.0,2
12437.0,1
12441.0,0
12442.0,0
12444.0,1
12445.0,2
12446.0,2
12447.0,2
12448.0,0
12449.0,1
12450.0,2
12452.0,0
12453.0,2
12454.0,0
12455.0,1
12456.0,1
12457.0,1
12458.0,0
12461.0,2
12462.0,0
12463.0,0
12464.0,2
12465.0,2
12468.0,2
12473.0,1
12475.0,0
12478.0,0
12479.0,0
12480.0,2
12481.0,1
12483.0,1
12484.0,1
12488.0,0
12489.0,2
12490.0,1
12491.0,0
12492.0,2
12493.0,2
12494.0,1
12497.0,0
12498.0,2
12500.0,1
12502.0,2
12504.0,0
12506.0,2
12507.0,0
12508.0,2
12509.0,0
12510.0,0
12512.0,0
12513.0,2
12514.0,2
12515.0,0
12516.0,2
12517.0,1
12518.0,2
12519.0,2
12520.0,1
12521.0,0
12522.0,0
12523.0,1
12524.0,1
12526.0,0
12527.0,0
12528.0,0
12530.0,0
12531.0,2
12532.0,0
12534.0,0
12535.0,0
12538.0,2
12541.0,2
12544.0,2
12545.0,2
12546.0,2
12547.0,2
12548.0,2
12550.0,0
12551.0,2
12552.0,0
12553.0,1
12556.0,0
12558.0,2
12559.0,0
12560.0,1
12561.0,2
12562.0,1
12564.0,0
12565.0,2
12566.0,0
12569.0,1
12571.0,0
12572.0,0
12573.0,0
12574.0,2
12576.0,2
12577.0,2
12578.0,1
12579.0,2
12580.0,2
12581.0,0
12582.0,2
12583.0,1
12585.0,1
12586.0,0
12587.0,2
12588.0,0
12589.0,2
12591.0,0
12592.0,0
12593.0,0
12594.0,0
12596.0,0
12598.0,1
12599.0,0
12600.0,2
12601.0,2
12602.0,0
12604.0,0
12607.0,0
12609.0,0
12610.0,1
12611.0,0
12613.0,1
12614.0,0
12615.0,2
12616.0,0
12617.0,2
12618.0,2
12619.0,1
12620.0,2
12622.0,2
12623.0,0
12624.0,0
12627.0,1
12628.0,2
12630.0,2
12631.0,2
12633.0,1
12635.0,2
12638.0,2
12639.0,2
12640.0,0
12641.0,0
12642.0,0
12643.0,1
12644.0,0
12645.0,0
12646.0,2
12647.0,1
12648.0,2
12649.0,0
12650.0,0
12651.0,2
12652.0,0
12654.0,2
12656.0,1
12657.0,2
12658.0,0
12659.0,2
12660.0,0
12662.0,1
12664.0,1
12665.0,0
12666.0,0
12667.0,0
12668.0,1
12669.0,0
12670.0,1
12672.0,2
12673.0,0
12674.0,1
12676.0,0
12679.0,1
12680.0,2
12684.0,0
12685.0,1
12686.0,2
12689.0,0
12690.0,0
12691.0,0
12693.0,2
12694.0,2
12695.0,0
12697.0,2
12700.0,1
12701.0,0
12702.0,2
12703.0,2
12704.0,2
12707.0,0
12710.0,2
12712.0,1
12713.0,2
12714.0,1
12715.0,2
12716.0,2
12717.0,2
12718.0,2
12719.0,2
12721.0,1
12722.0,0
12723.0,0
12724.0,0
12725.0,2
12726.0,1
12727.0,1
12728.0,0
12729.0,2
12732.0,0
12733.0,0
12734.0,0
12735.0,2
12736.0,0
12738.0,2
12739.0,2
12740.0,2
12743.0,2
12747.0,1
12749.0,1
12750.0,0
12756.0,0
12757.0,1
12759.0,0
12763.0,2
12766.0,1
12769.0,2
12770.0,2
12772.0,0
12775.0,0
12778.0,2
12779.0,1
12781.0,0
12782.0,0
12783.0,2
12784.0,2
12785.0,2
12787.0,0
12789.0,0
12790.0,0
12792.0,0
12794.0,0
12795.0,0
12802.0,0
12808.0,2
12809.0,0
12811.0,0
12812.0,0
12815.0,0
12816.0,2
12817.0,2
12820.0,0
12821.0,0
12822.0,0
12823.0,0
12824.0,0
12826.0,2
12827.0,0
12828.0,2
12829.0,2
12831.0,0
12832.0,2
12833.0,2
12834.0,0
12836.0,0
12837.0,2
12838.0,2
12839.0,1
12840.0,1
12841.0,1
12842.0,2
12843.0,0
12844.0,0
12845.0,0
12847.0,2
12849.0,0
12851.0,2
12852.0,2
12853.0,1
12854.0,0
12855.0,2
12856.0,1
12857.0,2
12863.0,0
12864.0,2
12865.0,0
12866.0,0
12867.0,1
12868.0,0
12870.0,0
12871.0,2
12872.0,2
12873.0,0
12875.0,0
12877.0,0
12878.0,2
12879.0,2
12881.0,0
12882.0,0
12883.0,0
12884.0,0
12885.0,0
12886.0,0
12888.0,0
12890.0,0
12891.0,0
12893.0,0
12895.0,0
12897.0,2
12902.0,2
12904.0,0
12906.0,1
12909.0,1
12910.0,1
12912.0,2
12913.0,1
12915.0,2
12916.0,2
12917.0,0
12919.0,0
12920.0,0
12922.0,2
12923.0,2
12924.0,0
12925.0,0
12928.0,0
12929.0,0
12930.0,0
12933.0,0
12935.0,0
12936.0,2
12937.0,2
12938.0,0
12940.0,2
12942.0,2
12944.0,2
12945.0,2
12947.0,1
12948.0,2
12949.0,1
12950.0,1
12951.0,2
12952.0,2
12953.0,0
12955.0,1
12956.0,2
12957.0,1
12962.0,2
12963.0,0
12965.0,2
12966.0,0
12967.0,1
12968.0,2
12970.0,2
12974.0,2
12976.0,2
12977.0,0
12980.0,1
12981.0,2
12982.0,0
12984.0,0
12985.0,2
12987.0,0
12988.0,2
12989.0,1
12990.0,0
12991.0,2
12993.0,0
12994.0,0
12995.0,2
12997.0,1
12999.0,2
13000.0,2
13001.0,1
13002.0,0
13003.0,0
13004.0,1
13005.0,2
13006.0,2
13008.0,2
13011.0,2
13012.0,1
13013.0,1
13014.0,1
13015.0,1
13016.0,0
13018.0,1
13021.0,1
13023.0,0
13026.0,2
13028.0,0
13029.0,2
13030.0,0
13032.0,0
13033.0,2
13034.0,2
13035.0,0
13037.0,0
13038.0,0
13040.0,2
13043.0,2
13044.0,0
13045.0,2
13046.0,0
13047.0,1
13048.0,2
13049.0,0
13052.0,0
13055.0,2
13058.0,0
13059.0,0
13060.0,2
13061.0,0
13062.0,0
13064.0,2
13065.0,0
13066.0,0
13067.0,2
13068.0,0
13069.0,1
13070.0,0
13072.0,2
13075.0,0
13077.0,2
13079.0,2
13080.0,0
13082.0,1
13083.0,2
13085.0,2
13090.0,1
13091.0,2
13092.0,0
13094.0,1
13095.0,2
13097.0,1
13101.0,0
13102.0,1
13103.0,0
13104.0,2
13106.0,0
13107.0,0
13108.0,2
13109.0,0
13110.0,0
13116.0,2
13117.0,2
13118.0,2
13121.0,0
13122.0,0
13124.0,1
13126.0,1
13127.0,2
13130.0,0
13131.0,2
13132.0,0
13133.0,2
13134.0,1
13136.0,1
13137.0,2
13138.0,2
13139.0,1
13140.0,0
13141.0,1
13142.0,2
13144.0,0
13145.0,2
13146.0,2
13147.0,2
13148.0,1
13149.0,0
13151.0,1
13153.0,2
13155.0,0
13157.0,2
13158.0,0
13159.0,2
13160.0,2
13161.0,2
13162.0,2
13165.0,0
13166.0,0
13167.0,0
13168.0,0
13169.0,2
13170.0,2
13171.0,2
13173.0,0
13174.0,2
13176.0,0
13177.0,2
13178.0,1
13182.0,0
13183.0,2
13184.0,0
13186.0,1
13187.0,2
13189.0,0
13192.0,0
13193.0,2
13194.0,0
13196.0,2
13198.0,1
13199.0,1
13200.0,2
13203.0,0
13207.0,0
13208.0,0
13209.0,1
13210.0,0
13211.0,0
13212.0,2
13213.0,2
13216.0,2
13217.0,0
13218.0,2
13220.0,0
13221.0,0
13223.0,0
13224.0,1
13225.0,1
13226.0,2
13227.0,2
13228.0,0
13229.0,2
13230.0,1
13232.0,2
13233.0,0
13235.0,0
13236.0,2
13238.0,0
13239.0,0
13240.0,2
13242.0,2
13243.0,2
13244.0,2
13245.0,2
13246.0,1
13247.0,2
13248.0,2
13249.0,0
13253.0,0
13255.0,0
13258.0,0
13259.0,2
13260.0,2
13261.0,2
13262.0,0
13263.0,1
13265.0,2
13266.0,1
13268.0,1
13269.0,1
13271.0,0
13272.0,2
13273.0,2
13276.0,2
13277.0,0
13278.0,2
13279.0,2
13280.0,2
13282.0,0
13283.0,0
13284.0,2
13285.0,1
13291.0,2
13292.0,0
13294.0,0
13295.0,0
13296.0,0
13297.0,0
13298.0,2
13299.0,0
13300.0,2
13301.0,2
13304.0,2
13305.0,2
13308.0,2
13309.0,2
13310.0,1
13311.0,0
13313.0,2
13314.0,0
13316.0,1
13317.0,1
13318.0,0
13320.0,1
13321.0,0
13322.0,0
13323.0,2
13324.0,1
13325.0,0
13327.0,1
13328.0,2
13329.0,0
13330.0,2
13332.0,2
13334.0,1
13336.0,2
13338.0,0
13339.0,0
13341.0,2
13343.0,0
13344.0,1
13345.0,2
13347.0,2
13348.0,2
13349.0,0
13350.0,0
13351.0,0
13352.0,0
13354.0,2
13355.0,0
13356.0,0
13357.0,2
13358.0,0
13359.0,2
13362.0,1
13363.0,2
13364.0,0
13365.0,1
13368.0,0
13369.0,2
13370.0,2
13372.0,2
13373.0,1
13375.0,0
13376.0,0
13379.0,2
13381.0,1
13382.0,2
13384.0,1
13385.0,2
13388.0,2
13389.0,0
13390.0,0
13394.0,1
13395.0,0
13396.0,1
13397.0,2
13398.0,0
13402.0,2
13403.0,0
13404.0,0
13405.0,2
13410.0,0
13411.0,0
13414.0,2
13416.0,0
13417.0,0
13418.0,1
13419.0,2
13420.0,0
13421.0,0
13422.0,1
13425.0,2
13426.0,1
13427.0,2
13428.0,0
13429.0,2
13430.0,0
13431.0,0
13434.0,0
13435.0,1
13436.0,2
13437.0,1
13439.0,0
13441.0,2
13447.0,2
13448.0,1
13449.0,0
13450.0,2
13451.0,1
13452.0,0
13453.0,0
13455.0,0
13456.0,2
13460.0,2
13461.0,0
13462.0,2
13464.0,0
13466.0,0
13467.0,2
13468.0,1
13470.0,0
13471.0,2
13473.0,0
13474.0,2
13475.0,0
13476.0,2
13477.0,2
13479.0,0
13481.0,1
13482.0,2
13483.0,0
13484.0,0
13485.0,0
13486.0,0
13487.0,0
13488.0,1
13489.0,2
13491.0,0
13492.0,0
13493.0,0
13494.0,0
13495.0,2
13496.0,0
13497.0,0
13499.0,1
13500.0,0
13502.0,0
13503.0,2
13504.0,2
13505.0,1
13506.0,2
13507.0,2
13508.0,2
13509.0,0
13510.0,1
13512.0,2
13513.0,2
13514.0,0
13515.0,0
13516.0,0
13517.0,1
13518.0,2
13519.0,2
13520.0,1
13521.0,2
13522.0,0
13523.0,1
13524.0,0
13525.0,2
13527.0,2
13529.0,2
13531.0,0
13532.0,2
13533.0,2
13536.0,1
13538.0,2
13539.0,2
13544.0,0
13546.0,0
13548.0,2
13549.0,0
13551.0,0
13552.0,1
13555.0,1
13557.0,2
13558.0,2
13560.0,2
13561.0,2
13562.0,0
13563.0,2
13564.0,0
13565.0,2
13566.0,2
13568.0,2
13569.0,0
13570.0,2
13571.0,1
13572.0,0
13573.0,2
13575.0,2
13576.0,1
13577.0,2
13579.0,2
13581.0,2
13583.0,2
13584.0,2
13587.0,2
13588.0,1
13589.0,2
13590.0,1
13591.0,2
13592.0,0
13593.0,2
13594.0,0
13596.0,2
13598.0,2
13600.0,0
13601.0,0
13602.0,2
13603.0,2
13606.0,2
13607.0,2
13610.0,2
13611.0,2
13614.0,0
13615.0,0
13617.0,2
13618.0,2
13621.0,0
13623.0,2
13626.0,2
13627.0,1
13629.0,1
13630.0,1
13631.0,1
13632.0,2
13634.0,2
13635.0,0
13636.0,2
13637.0,0
13638.0,2
13639.0,0
13642.0,2
13643.0,0
13644.0,1
13645.0,2
13647.0,2
13649.0,0
13650.0,0
13651.0,0
13652.0,0
13654.0,2
13655.0,0
13656.0,2
13657.0,2
13658.0,1
13659.0,2
13662.0,1
13663.0,0
13666.0,2
13667.0,0
13668.0,1
13669.0,2
13670.0,2
13672.0,2
13673.0,0
13675.0,0
13678.0,0
13680.0,1
13681.0,2
13682.0,2
13684.0,2
13685.0,1
13686.0,2
13689.0,2
13690.0,0
13692.0,2
13693.0,0
13695.0,2
13697.0,0
13699.0,2
13700.0,1
13704.0,1
13705.0,0
13706.0,2
13707.0,2
13708.0,2
13709.0,1
13710.0,0
13711.0,2
13712.0,2
13715.0,1
13716.0,0
13717.0,0
13718.0,2
13719.0,2
13720.0,0
13721.0,2
13722.0,1
13723.0,2
13725.0,1
13726.0,0
13727.0,2
13728.0,0
13730.0,2
13731.0,2
13732.0,2
13735.0,1
13736.0,2
13737.0,0
13739.0,0
13740.0,0
13741.0,2
13742.0,1
13743.0,2
13744.0,2
13745.0,2
13748.0,0
13750.0,0
13751.0,2
13752.0,2
13753.0,2
13754.0,0
13755.0,1
13756.0,1
13758.0,2
13759.0,2
13760.0,2
13761.0,2
13762.0,2
13763.0,1
13764.0,2
13771.0,1
13772.0,2
13774.0,0
13778.0,2
13780.0,2
13781.0,2
13782.0,2
13784.0,1
13786.0,0
13787.0,2
13790.0,0
13791.0,1
13792.0,0
13799.0,0
13800.0,2
13801.0,0
13802.0,1
13803.0,0
13804.0,1
13805.0,0
13806.0,2
13807.0,0
13808.0,2
13809.0,0
13810.0,2
13811.0,2
13812.0,2
13813.0,0
13814.0,0
13815.0,1
13816.0,2
13817.0,2
13819.0,0
13821.0,0
13822.0,2
13823.0,2
13824.0,0
13826.0,2
13827.0,2
13828.0,2
13831.0,0
13832.0,2
13833.0,2
13835.0,2
13837.0,2
13838.0,2
13842.0,1
13844.0,0
13845.0,2
13846.0,0
13848.0,0
13849.0,0
13850.0,1
13851.0,1
13853.0,1
13854.0,1
13856.0,2
13858.0,2
13859.0,0
13860.0,0
13862.0,1
13863.0,0
13865.0,0
13866.0,0
13867.0,0
13869.0,1
13870.0,1
13871.0,1
13873.0,2
13874.0,2
13875.0,2
13876.0,2
13877.0,0
13878.0,2
13880.0,1
13882.0,1
13883.0,1
13884.0,2
13885.0,0
13886.0,2
13887.0,2
13888.0,2
13889.0,2
13890.0,1
13892.0,2
13893.0,0
13894.0,0
13895.0,1
13897.0,2
13898.0,0
13899.0,2
13900.0,0
13901.0,1
13904.0,2
13908.0,1
13911.0,1
13914.0,0
13917.0,2
13918.0,2
13919.0,0
13922.0,2
13923.0,0
13924.0,1
13925.0,2
13926.0,0
13927.0,0
13928.0,0
13929.0,2
13930.0,0
13931.0,0
13932.0,2
13933.0,2
13934.0,0
13936.0,0
13937.0,2
13938.0,2
13939.0,0
13940.0,0
13941.0,1
13946.0,2
13947.0,0
13948.0,0
13949.0,1
13950.0,0
13951.0,2
13952.0,1
13953.0,1
13954.0,2
13955.0,2
13956.0,2
13958.0,2
13959.0,0
13960.0,2
13962.0,2
13963.0,0
13967.0,2
13969.0,1
13971.0,1
13972.0,2
13973.0,2
13974.0,2
13975.0,1
13976.0,0
13978.0,0
13979.0,0
13980.0,0
13982.0,0
13983.0,0
13984.0,0
13985.0,1
13986.0,0
13988.0,1
13989.0,2
13990.0,0
13991.0,2
13992.0,0
13993.0,1
13994.0,0
13995.0,2
13999.0,1
14000.0,2
14001.0,0
14002.0,2
14004.0,1
14005.0,1
14006.0,0
14009.0,0
14012.0,0
14013.0,2
14014.0,2
14015.0,0
14019.0,2
14020.0,0
14021.0,2
14022.0,2
14023.0,2
14024.0,2
14027.0,0
14029.0,2
14030.0,0
14032.0,1
14034.0,2
14035.0,2
14036.0,0
14037.0,2
14038.0,0
14039.0,2
14040.0,1
14041.0,2
14044.0,2
14045.0,2
14046.0,0
14047.0,1
14048.0,0
14049.0,1
14050.0,2
14052.0,2
14053.0,2
14054.0,0
14055.0,2
14056.0,1
14057.0,1
14059.0,2
14060.0,1
14062.0,1
14064.0,2
14066.0,2
14067.0,2
14068.0,2
14071.0,0
14073.0,0
14075.0,0
14076.0,0
14077.0,2
14078.0,0
14079.0,2
14080.0,0
14081.0,2
14082.0,2
14083.0,0
14085.0,1
14087.0,0
14089.0,2
14092.0,1
14093.0,2
14098.0,2
14099.0,1
14100.0,0
14101.0,1
14102.0,1
14104.0,0
14105.0,1
14107.0,1
14108.0,0
14109.0,0
14110.0,1
14111.0,2
14112.0,1
14113.0,1
14114.0,2
14116.0,2
14117.0,0
14121.0,1
14124.0,2
14125.0,1
14126.0,0
14127.0,0
14128.0,0
14129.0,2
14130.0,0
14132.0,1
14133.0,2
14135.0,1
14138.0,2
14139.0,0
14140.0,0
14141.0,2
14142.0,0
14143.0,2
14145.0,0
14146.0,1
14147.0,2
14148.0,0
14149.0,0
14150.0,2
14152.0,0
14154.0,2
14155.0,2
14157.0,2
14158.0,2
14159.0,1
14161.0,2
14162.0,2
14163.0,0
14164.0,0
14165.0,0
14167.0,0
14171.0,2
14173.0,0
14174.0,2
14175.0,1
14176.0,0
14177.0,0
14178.0,2
14179.0,0
14180.0,1
14184.0,0
14185.0,0
14188.0,1
14191.0,1
14193.0,0
14195.0,2
14196.0,2
14198.0,0
14199.0,2
14201.0,0
14204.0,0
14205.0,2
14206.0,2
14208.0,0
14209.0,0
14210.0,0
14211.0,1
14212.0,2
14213.0,2
14214.0,0
14215.0,0
14216.0,1
14217.0,1
14218.0,2
14219.0,0
14220.0,2
14221.0,1
14222.0,0
14223.0,2
14224.0,2
14226.0,1
14227.0,1
14229.0,0
14231.0,2
14232.0,1
14233.0,0
14234.0,2
14235.0,1
14236.0,0
14237.0,0
14238.0,0
14239.0,1
14240.0,0
14241.0,2
14242.0,0
14243.0,1
14245.0,1
14246.0,0
14247.0,2
14248.0,0
14250.0,2
14251.0,1
14256.0,2
14257.0,1
14259.0,2
14261.0,2
14262.0,1
14264.0,2
14265.0,0
14267.0,1
14270.0,0
14271.0,2
14272.0,0
14273.0,0
14276.0,2
14280.0,2
14282.0,1
14284.0,0
14285.0,2
14287.0,2
14288.0,0
14289.0,0
14290.0,0
14291.0,1
14292.0,1
14293.0,0
14295.0,2
14297.0,0
14300.0,0
14301.0,2
14304.0,2
14305.0,1
14306.0,1
14307.0,1
14309.0,1
14311.0,0
14312.0,0
14314.0,2
14315.0,1
14317.0,2
14320.0,0
14321.0,0
14323.0,0
14326.0,0
14327.0,0
14329.0,1
14331.0,0
14332.0,0
14333.0,0
14334.0,1
14335.0,2
14336.0,0
14338.0,2
14339.0,0
14340.0,2
14341.0,1
14342.0,2
14344.0,0
14345.0,0
14346.0,2
14348.0,2
14349.0,0
14350.0,2
14352.0,0
14353.0,2
14354.0,0
14355.0,2
14356.0,0
14357.0,2
14359.0,0
14360.0,1
14362.0,2
14364.0,1
14367.0,1
14368.0,0
14371.0,2
14373.0,2
14375.0,0
14377.0,0
14379.0,0
14381.0,0
14382.0,2
14383.0,2
14385.0,0
14386.0,0
14387.0,0
14388.0,1
14389.0,1
14390.0,1
14393.0,2
14395.0,1
14396.0,0
14397.0,1
14400.0,0
14401.0,1
14403.0,0
14404.0,2
14406.0,2
14407.0,1
14408.0,0
14409.0,1
14410.0,1
14411.0,0
14412.0,0
14413.0,2
14414.0,1
14416.0,2
14418.0,0
14419.0,0
14420.0,2
14421.0,2
14422.0,1
14423.0,2
14426.0,1
14427.0,2
14428.0,2
14431.0,2
14432.0,2
14434.0,0
14436.0,2
14437.0,2
14438.0,2
14440.0,2
14441.0,1
14442.0,1
14443.0,0
14446.0,2
14447.0,2
14448.0,2
14449.0,2
14450.0,2
14451.0,0
14452.0,0
14453.0,2
14456.0,1
14457.0,0
14459.0,1
14460.0,0
14461.0,0
14462.0,1
14463.0,0
14465.0,2
14466.0,2
14467.0,0
14470.0,2
14472.0,2
14473.0,0
14474.0,0
14475.0,2
14476.0,2
14477.0,2
14479.0,2
14480.0,0
14481.0,0
14482.0,1
14483.0,2
14484.0,2
14485.0,0
14487.0,2
14488.0,0
14489.0,0
14491.0,2
14493.0,1
14494.0,0
14495.0,2
14496.0,0
14497.0,2
14498.0,2
14499.0,2
14500.0,2
14501.0,2
14502.0,1
14503.0,1
14504.0,2
14505.0,1
14506.0,0
14507.0,0
14508.0,2
14511.0,0
14512.0,2
14513.0,0
14514.0,2
14515.0,0
14517.0,2
14518.0,2
14520.0,2
14522.0,2
14523.0,0
14524.0,2
14525.0,1
14527.0,1
14528.0,0
14529.0,0
14530.0,0
14532.0,2
14533.0,2
14534.0,1
14535.0,1
14536.0,2
14537.0,2
14538.0,2
14539.0,2
14540.0,2
14541.0,2
14542.0,0
14543.0,1
14544.0,0
14546.0,1
14547.0,1
14548.0,0
14549.0,0
14550.0,0
14551.0,2
14552.0,0
14553.0,2
14554.0,1
14555.0,2
14557.0,2
14560.0,1
14561.0,2
14562.0,1
14565.0,1
14567.0,2
14569.0,2
14570.0,2
14572.0,1
14577.0,2
14578.0,0
14581.0,0
14582.0,2
14583.0,0
14584.0,2
14585.0,2
14586.0,0
14587.0,0
14589.0,2
14591.0,1
14592.0,2
14593.0,2
14594.0,0
14595.0,2
14597.0,0
14598.0,0
14600.0,0
14601.0,0
14603.0,2
14608.0,2
14609.0,1
14616.0,0
14618.0,0
14619.0,2
14620.0,0
14621.0,0
14622.0,0
14623.0,0
14624.0,0
14625.0,0
14626.0,1
14627.0,0
14628.0,0
14629.0,2
14631.0,0
14632.0,0
14633.0,2
14636.0,0
14638.0,2
14639.0,1
14640.0,1
14641.0,2
14642.0,0
14643.0,0
14644.0,0
14645.0,0
14647.0,2
14649.0,0
14651.0,2
14652.0,2
14653.0,0
14655.0,1
14656.0,2
14657.0,0
14658.0,2
14659.0,1
14660.0,0
14661.0,2
14662.0,2
14664.0,2
14665.0,0
14666.0,0
14669.0,0
14670.0,2
14672.0,2
14673.0,0
14675.0,0
14676.0,1
14681.0,2
14682.0,2
14684.0,2
14687.0,2
14688.0,1
14689.0,2
14690.0,0
14691.0,2
14692.0,0
14693.0,2
14696.0,0
14697.0,2
14698.0,2
14699.0,0
14700.0,2
14701.0,1
14702.0,1
14703.0,2
14704.0,0
14708.0,0
14709.0,1
14710.0,2
14711.0,1
14712.0,2
14713.0,1
14714.0,0
14715.0,0
14716.0,2
14719.0,0
14720.0,2
14722.0,2
14723.0,2
14725.0,0
14727.0,2
14729.0,0
14730.0,0
14731.0,0
14732.0,1
14735.0,1
14737.0,0
14738.0,2
14739.0,1
14740.0,2
14741.0,0
14744.0,0
14745.0,0
14747.0,0
14748.0,0
14752.0,2
14753.0,0
14754.0,0
14755.0,1
14756.0,2
14757.0,2
14758.0,2
14759.0,0
14760.0,0
14761.0,2
14762.0,0
14764.0,0
14765.0,2
14766.0,1
14768.0,2
14770.0,2
14772.0,2
14775.0,0
14776.0,1
14777.0,0
14778.0,2
14779.0,2
14780.0,0
14782.0,0
14784.0,2
14785.0,2
14788.0,2
14789.0,2
14790.0,2
14792.0,2
14793.0,2
14794.0,0
14795.0,2
14798.0,0
14799.0,0
14800.0,1
14801.0,2
14803.0,2
14804.0,2
14805.0,2
14806.0,2
14810.0,2
14813.0,2
14815.0,0
14816.0,2
14817.0,0
14818.0,2
14819.0,2
14820.0,2
14821.0,0
14823.0,2
14824.0,2
14825.0,0
14828.0,2
14829.0,2
14830.0,0
14834.0,1
14836.0,0
14837.0,2
14840.0,2
14841.0,1
14842.0,1
14844.0,1
14847.0,2
14849.0,1
14850.0,0
14851.0,0
14852.0,1
14853.0,0
14854.0,1
14855.0,2
14856.0,2
14857.0,0
14859.0,0
14860.0,2
14861.0,0
14862.0,0
14863.0,2
14865.0,2
14867.0,2
14868.0,1
14869.0,2
14870.0,0
14871.0,0
14873.0,2
14875.0,1
14878.0,2
14880.0,2
14881.0,2
14882.0,2
14883.0,2
14885.0,2
14886.0,2
14887.0,1
14888.0,0
14889.0,2
14890.0,2
14891.0,2
14893.0,0
14894.0,2
14896.0,2
14897.0,0
14898.0,2
14901.0,0
14902.0,0
14903.0,1
14904.0,0
14905.0,0
14907.0,1
14908.0,0
14910.0,2
14912.0,2
14913.0,2
14915.0,0
14916.0,0
14918.0,0
14920.0,0
14921.0,2
14923.0,2
14924.0,2
14929.0,0
14930.0,0
14931.0,0
14932.0,2
14934.0,0
14937.0,2
14944.0,1
14946.0,2
14947.0,0
14948.0,0
14950.0,2
14951.0,0
14953.0,0
14954.0,2
14957.0,2
14958.0,2
14959.0,2
14960.0,2
14961.0,1
14962.0,0
14963.0,2
14964.0,0
14965.0,2
14966.0,2
14967.0,2
14968.0,0
14970.0,2
14971.0,2
14972.0,0
14973.0,2
14974.0,0
14975.0,2
14976.0,2
14978.0,0
14981.0,2
14984.0,2
14985.0,2
14987.0,0
14988.0,2
14995.0,2
14997.0,0
14998.0,0
15000.0,2
15002.0,0
15004.0,2
15006.0,0
15007.0,2
15009.0,2
15010.0,2
15012.0,0
15014.0,2
15016.0,0
15017.0,2
15018.0,0
15019.0,2
15021.0,1
15022.0,2
15023.0,1
15024.0,0
15025.0,2
15026.0,0
15027.0,2
15028.0,2
15030.0,2
15031.0,0
15033.0,1
15034.0,1
15035.0,2
15036.0,0
15038.0,2
15041.0,0
15042.0,0
15043.0,0
15044.0,1
15045.0,0
15046.0,1
15047.0,0
15048.0,0
15049.0,2
15050.0,1
15051.0,2
15052.0,0
15053.0,0
15054.0,2
15057.0,2
15058.0,0
15059.0,2
15060.0,0
15062.0,2
15063.0,0
15065.0,1
15066.0,0
15067.0,2
15068.0,0
15069.0,0
15071.0,0
15073.0,0
15074.0,2
15075.0,2
15076.0,0
15079.0,2
15081.0,0
15083.0,0
15087.0,2
15088.0,0
15089.0,1
15090.0,2
15091.0,0
15092.0,0
15093.0,1
15095.0,2
15096.0,2
15097.0,0
15099.0,2
15100.0,0
15101.0,2
15103.0,0
15104.0,2
15105.0,0
15106.0,1
15107.0,0
15108.0,2
15109.0,2
15110.0,1
15111.0,0
15113.0,1
15114.0,1
15115.0,0
15116.0,2
15117.0,1
15119.0,2
15120.0,2
15121.0,2
15122.0,1
15123.0,0
15124.0,0
15127.0,0
15128.0,1
15129.0,1
15130.0,2
15132.0,2
15133.0,2
15134.0,0
15135.0,2
15136.0,2
15139.0,2
15140.0,0
15142.0,0
15143.0,2
15144.0,1
15145.0,0
15146.0,0
15147.0,0
15148.0,0
15149.0,2
15150.0,1
15152.0,1
15153.0,0
15154.0,2
15156.0,0
15157.0,1
15158.0,0
15160.0,2
15163.0,0
15164.0,2
15165.0,0
15167.0,2
15168.0,0
15171.0,0
15172.0,2
15174.0,2
15175.0,2
15178.0,2
15179.0,1
15180.0,0
15181.0,0
15182.0,0
15184.0,2
15185.0,2
15186.0,2
15187.0,1
15192.0,0
15193.0,0
15197.0,0
15198.0,2
15199.0,0
15201.0,1
15203.0,0
15204.0,2
15205.0,2
15206.0,0
15208.0,0
15210.0,2
15211.0,0
15212.0,0
15213.0,2
15214.0,0
15215.0,0
15216.0,0
15218.0,1
15219.0,2
15220.0,2
15221.0,2
15222.0,0
15223.0,0
15224.0,2
15225.0,0
15226.0,0
15227.0,0
15228.0,1
15230.0,0
15232.0,2
15234.0,0
15235.0,2
15236.0,0
15237.0,0
15238.0,0
15239.0,2
15240.0,1
15241.0,0
15243.0,0
15244.0,0
15245.0,1
15246.0,2
15247.0,0
15249.0,1
15252.0,2
15253.0,0
15254.0,2
15255.0,0
15256.0,2
15257.0,0
15258.0,2
15260.0,0
15261.0,0
15262.0,2
15263.0,2
15264.0,2
15265.0,0
15266.0,0
15267.0,2
15269.0,0
15270.0,1
15271.0,0
15272.0,2
15274.0,0
15275.0,0
15276.0,0
15277.0,0
15279.0,0
15280.0,0
15281.0,1
15286.0,2
15287.0,2
15288.0,2
15289.0,0
15290.0,1
15292.0,2
15296.0,1
15297.0,0
15298.0,1
15299.0,1
15300.0,2
15301.0,1
15303.0,0
15304.0,0
15306.0,2
15307.0,0
15308.0,2
15312.0,2
15314.0,0
15315.0,2
15318.0,0
15319.0,0
15320.0,0
15321.0,1
15322.0,2
15325.0,2
15326.0,0
15327.0,0
15329.0,2
15330.0,0
15333.0,2
15334.0,0
15335.0,0
15339.0,0
15341.0,1
15342.0,0
15343.0,0
15344.0,0
15345.0,0
15346.0,0
15347.0,0
15348.0,0
15349.0,2
15350.0,0
15351.0,2
15353.0,0
15355.0,0
15356.0,2
15360.0,0
15361.0,0
15363.0,2
15364.0,0
15365.0,1
15366.0,2
15367.0,1
15368.0,2
15370.0,1
15372.0,1
15373.0,0
15374.0,0
15376.0,2
15379.0,1
15380.0,2
15381.0,0
15384.0,2
15385.0,2
15386.0,0
15388.0,0
15392.0,0
15393.0,2
15394.0,2
15395.0,0
15396.0,2
15397.0,0
15398.0,0
15399.0,2
15400.0,0
15402.0,2
15405.0,2
15406.0,2
15407.0,2
15408.0,2
15410.0,2
15411.0,2
15412.0,0
15414.0,0
15415.0,2
15416.0,1
15417.0,2
15419.0,0
15421.0,0
15422.0,2
15423.0,0
15424.0,0
15426.0,2
15427.0,2
15428.0,2
15429.0,2
15432.0,0
15433.0,2
15434.0,0
15435.0,2
15436.0,2
15437.0,0
15438.0,2
15440.0,2
15442.0,0
15443.0,1
15444.0,0
15445.0,2
15447.0,2
15448.0,0
15449.0,0
15450.0,0
15452.0,2
15453.0,2
15454.0,2
15456.0,0
15457.0,0
15458.0,0
15460.0,0
15462.0,0
15463.0,2
15464.0,0
15466.0,2
15467.0,2
15468.0,0
15469.0,2
15471.0,0
15472.0,2
15473.0,1
15475.0,2
15478.0,2
15480.0,0
15483.0,2
15484.0,1
15485.0,1
15489.0,2
15491.0,1
15492.0,0
15493.0,1
15494.0,1
15497.0,0
15500.0,0
15503.0,2
15504.0,0
15505.0,1
15506.0,2
15507.0,0
15508.0,2
15511.0,2
15512.0,0
15513.0,1
15514.0,1
15516.0,0
15517.0,0
15518.0,1
15520.0,2
15521.0,1
15522.0,0
15523.0,2
15525.0,0
15526.0,2
15527.0,0
15528.0,0
15529.0,1
15530.0,2
15531.0,1
15532.0,2
15533.0,2
15535.0,2
15537.0,0
15539.0,2
15540.0,0
15541.0,0
15543.0,2
15544.0,1
15545.0,2
15547.0,1
15549.0,2
15550.0,2
15551.0,2
15552.0,2
15553.0,0
15554.0,0
15555.0,1
15556.0,0
15557.0,2
15561.0,0
15563.0,1
15565.0,2
15567.0,0
15568.0,0
15569.0,2
15570.0,1
15571.0,2
15572.0,0
15573.0,2
15574.0,2
15576.0,0
15577.0,0
15578.0,2
15579.0,2
15581.0,0
15582.0,0
15584.0,0
15585.0,2
15587.0,2
15589.0,0
15592.0,0
15593.0,2
15594.0,0
15596.0,1
15597.0,2
15598.0,0
15599.0,2
15601.0,1
15602.0,1
15603.0,2
15604.0,0
15605.0,2
15606.0,1
15607.0,2
15608.0,0
15609.0,0
15610.0,0
15611.0,1
15612.0,2
15615.0,1
15618.0,0
15619.0,0
15620.0,1
15621.0,0
15622.0,1
15623.0,2
15624.0,0
15625.0,1
15626.0,0
15628.0,1
15630.0,0
15632.0,1
15634.0,0
15636.0,2
15637.0,0
15638.0,2
15639.0,2
15641.0,0
15643.0,0
15644.0,2
15645.0,0
15646.0,2
15648.0,2
15649.0,0
15651.0,2
15652.0,2
15653.0,0
15654.0,0
15655.0,2
15656.0,0
15658.0,2
15659.0,2
15660.0,1
15661.0,0
15663.0,2
15664.0,2
15665.0,2
15667.0,0
15669.0,2
15670.0,0
15671.0,1
15673.0,0
15674.0,1
15675.0,2
15676.0,1
15677.0,2
15678.0,0
15679.0,0
15680.0,0
15681.0,2
15683.0,2
15687.0,1
15689.0,0
15690.0,0
15691.0,2
15692.0,2
15694.0,1
15695.0,2
15696.0,1
15699.0,0
15700.0,2
15701.0,2
15703.0,2
15704.0,2
15705.0,2
15706.0,0
15707.0,2
15708.0,1
15709.0,0
15712.0,2
15713.0,0
15714.0,0
15716.0,2
15717.0,0
15719.0,1
15720.0,0
15721.0,0
15722.0,1
15723.0,2
15724.0,2
15725.0,2
15727.0,1
15728.0,2
15729.0,0
15730.0,0
15732.0,0
15733.0,0
15734.0,0
15737.0,1
15738.0,1
15739.0,0
15740.0,2
15743.0,0
15744.0,2
15745.0,2
15746.0,2
15747.0,2
15748.0,2
15750.0,1
15752.0,1
15754.0,0
15755.0,1
15756.0,2
15757.0,0
15758.0,0
15759.0,2
15762.0,2
15763.0,2
15764.0,1
15766.0,2
15768.0,2
15773.0,2
15774.0,2
15775.0,2
15776.0,2
15777.0,0
15780.0,0
15781.0,0
15782.0,1
15783.0,0
15785.0,1
15787.0,2
15789.0,2
15790.0,0
15791.0,1
15793.0,0
15795.0,0
15796.0,2
15797.0,1
15799.0,2
15800.0,0
15801.0,0
15803.0,0
15804.0,1
15805.0,1
15806.0,0
15807.0,2
15809.0,2
15810.0,1
15811.0,1
15812.0,2
15813.0,2
15814.0,1
15815.0,2
15819.0,0
15820.0,0
15821.0,2
15822.0,0
15823.0,2
15825.0,0
15826.0,2
15827.0,1
15829.0,2
15830.0,0
15831.0,0
15832.0,0
15834.0,1
15835.0,2
15836.0,2
15837.0,2
15839.0,0
15840.0,0
15841.0,0
15843.0,0
15844.0,0
15845.0,1
15847.0,0
15850.0,2
15852.0,2
15853.0,0
15854.0,0
15855.0,0
15857.0,0
15858.0,0
15860.0,2
15861.0,1
15862.0,2
15863.0,0
15864.0,1
15865.0,0
15866.0,0
15867.0,1
15869.0,0
15870.0,0
15872.0,2
15874.0,1
15877.0,0
15880.0,2
15881.0,0
15882.0,0
15883.0,0
15885.0,0
15886.0,0
15888.0,0
15889.0,2
15891.0,0
15894.0,2
15895.0,0
15897.0,2
15898.0,0
15899.0,0
15900.0,0
15901.0,2
15903.0,1
15904.0,2
15906.0,2
15907.0,0
15909.0,2
15910.0,2
15912.0,0
15916.0,0
15917.0,0
15918.0,2
15919.0,2
15920.0,2
15921.0,0
15922.0,0
15923.0,2
15925.0,2
15930.0,0
15932.0,1
15933.0,2
15935.0,2
15937.0,2
15938.0,2
15939.0,1
15942.0,2
15944.0,0
15945.0,2
15947.0,2
15948.0,2
15949.0,2
15950.0,2
15951.0,2
15952.0,2
15953.0,1
15955.0,1
15957.0,0
15958.0,0
15963.0,0
15965.0,2
15967.0,0
15969.0,0
15970.0,0
15971.0,1
15973.0,0
15974.0,1
15975.0,2
15976.0,0
15977.0,0
15978.0,2
15980.0,1
15981.0,1
15983.0,1
15984.0,1
15985.0,2
15986.0,0
15987.0,2
15988.0,2
15990.0,0
15992.0,0
15993.0,1
15994.0,2
15996.0,0
15998.0,1
16003.0,1
16005.0,2
16006.0,2
16007.0,2
16008.0,0
16009.0,2
16010.0,2
16011.0,1
16012.0,2
16014.0,2
16015.0,2
16016.0,1
16017.0,2
16018.0,2
16019.0,1
16020.0,0
16022.0,2
16023.0,0
16024.0,2
16025.0,2
16026.0,2
16027.0,2
16030.0,2
16031.0,2
16034.0,0
16036.0,0
16037.0,0
16038.0,2
16040.0,0
16042.0,2
16043.0,0
16045.0,0
16048.0,0
16049.0,2
16050.0,2
16052.0,2
16053.0,1
16054.0,2
16055.0,0
16056.0,0
16057.0,1
16059.0,0
16062.0,2
16063.0,2
16065.0,2
16066.0,2
16070.0,0
16071.0,0
16072.0,2
16073.0,0
16076.0,1
16079.0,2
16080.0,0
16081.0,1
16083.0,0
16084.0,2
16085.0,0
16086.0,0
16091.0,0
16092.0,0
16094.0,1
16096.0,2
16097.0,0
16098.0,0
16099.0,2
16101.0,1
16102.0,0
16103.0,0
16104.0,2
16105.0,0
16106.0,0
16107.0,2
16108.0,2
16109.0,2
16110.0,0
16112.0,0
16113.0,2
16114.0,0
16115.0,2
16116.0,2
16117.0,2
16119.0,0
16120.0,0
16121.0,2
16122.0,2
16123.0,0
16124.0,0
16125.0,0
16127.0,0
16128.0,2
16131.0,1
16134.0,2
16135.0,0
16136.0,0
16139.0,0
16140.0,0
16141.0,0
16142.0,0
16143.0,0
16145.0,1
16146.0,2
16147.0,2
16149.0,0
16150.0,1
16152.0,1
16153.0,2
16156.0,1
16157.0,0
16159.0,2
16160.0,1
16162.0,2
16163.0,2
16164.0,0
16168.0,1
16169.0,2
16170.0,1
16171.0,0
16172.0,0
16173.0,2
16174.0,0
16175.0,2
16177.0,2
16178.0,2
16179.0,0
16181.0,0
16182.0,1
16183.0,0
16184.0,2
16185.0,2
16186.0,1
16187.0,1
16188.0,0
16189.0,2
16190.0,2
16193.0,2
16198.0,2
16200.0,0
16201.0,0
16202.0,0
16203.0,0
16204.0,0
16205.0,0
16206.0,2
16207.0,0
16208.0,0
16209.0,0
16211.0,0
16212.0,0
16213.0,2
16214.0,0
16215.0,0
16216.0,2
16217.0,0
16218.0,1
16221.0,2
16222.0,0
16224.0,2
16225.0,0
16226.0,0
16227.0,2
16229.0,0
16230.0,0
16232.0,2
16233.0,2
16235.0,0
16236.0,2
16239.0,2
16240.0,1
16241.0,1
16242.0,1
16243.0,2
16244.0,2
16245.0,1
16247.0,0
16248.0,2
16249.0,2
16250.0,0
16252.0,0
16253.0,1
16255.0,1
16256.0,2
16258.0,1
16260.0,2
16261.0,2
16262.0,0
16265.0,1
16266.0,0
16268.0,2
16270.0,0
16271.0,2
16272.0,0
16274.0,0
16275.0,2
16276.0,2
16278.0,0
16279.0,0
16281.0,1
16282.0,0
16283.0,2
16284.0,0
16287.0,2
16292.0,0
16293.0,1
16295.0,0
16297.0,0
16298.0,0
16302.0,2
16303.0,1
16305.0,2
16306.0,2
16309.0,0
16311.0,2
16313.0,2
16315.0,2
16316.0,1
16317.0,2
16318.0,2
16319.0,2
16320.0,0
16322.0,2
16324.0,0
16325.0,2
16326.0,2
16327.0,1
16330.0,0
16332.0,0
16337.0,2
16338.0,0
16339.0,0
16340.0,0
16341.0,1
16342.0,0
16343.0,0
16344.0,0
16345.0,0
16347.0,2
16348.0,0
16349.0,0
16350.0,2
16351.0,0
16352.0,0
16353.0,1
16354.0,0
16356.0,0
16357.0,2
16358.0,0
16359.0,1
16360.0,1
16361.0,2
16362.0,2
16363.0,0
16364.0,0
16365.0,0
16366.0,0
16367.0,0
16368.0,0
16369.0,0
16370.0,2
16372.0,2
16374.0,0
16376.0,0
16377.0,2
16378.0,0
16379.0,1
16380.0,2
16383.0,0
16384.0,0
16385.0,0
16386.0,2
16387.0,2
16389.0,0
16392.0,0
16393.0,1
16394.0,1
16395.0,2
16398.0,1
16399.0,2
16400.0,0
16401.0,1
16402.0,2
16403.0,0
16404.0,2
16405.0,0
16406.0,0
16407.0,2
16409.0,0
16411.0,2
16412.0,0
16413.0,2
16414.0,2
16415.0,0
16416.0,2
16418.0,0
16419.0,0
16423.0,0
16424.0,0
16425.0,2
16426.0,2
16427.0,0
16429.0,2
16430.0,2
16431.0,0
16432.0,2
16433.0,2
16434.0,2
16438.0,2
16440.0,1
16441.0,0
16442.0,0
16444.0,2
16445.0,2
16446.0,0
16447.0,0
16448.0,0
16449.0,2
16450.0,0
16451.0,0
16455.0,2
16456.0,2
16457.0,2
16458.0,1
16460.0,0
16461.0,0
16462.0,0
16463.0,1
16464.0,0
16466.0,2
16468.0,0
16469.0,2
16470.0,0
16471.0,2
16473.0,2
16474.0,1
16475.0,2
16477.0,0
16478.0,0
16479.0,0
16480.0,2
16482.0,2
16483.0,0
16484.0,2
16485.0,2
16488.0,0
16491.0,0
16493.0,2
16494.0,0
16495.0,0
16496.0,1
16497.0,1
16498.0,2
16499.0,0
16500.0,2
16503.0,2
16504.0,0
16505.0,0
16506.0,2
16509.0,0
16510.0,2
16511.0,2
16513.0,2
16515.0,0
16516.0,0
16517.0,0
16518.0,2
16519.0,0
16520.0,2
16526.0,0
16527.0,0
16528.0,0
16529.0,2
16531.0,2
16533.0,2
16535.0,2
16536.0,2
16539.0,0
16542.0,0
16545.0,0
16546.0,0
16549.0,1
16550.0,1
16551.0,0
16552.0,0
16553.0,1
16554.0,1
16555.0,0
16556.0,1
16557.0,0
16558.0,1
16560.0,2
16561.0,0
16563.0,0
16565.0,2
16566.0,2
16567.0,2
16569.0,0
16570.0,1
16571.0,1
16572.0,0
16573.0,2
16574.0,2
16581.0,2
16582.0,2
16583.0,0
16584.0,0
16586.0,0
16587.0,2
16589.0,2
16591.0,2
16592.0,1
16593.0,2
16594.0,2
16595.0,2
16596.0,0
16597.0,0
16598.0,2
16600.0,0
16601.0,2
16602.0,2
16603.0,2
16607.0,1
16609.0,1
16610.0,0
16611.0,0
16612.0,0
16613.0,2
16614.0,2
16616.0,2
16617.0,0
16618.0,1
16619.0,0
16620.0,2
16621.0,2
16623.0,2
16624.0,0
16625.0,2
16626.0,1
16627.0,0
16628.0,2
16629.0,2
16633.0,1
16634.0,2
16637.0,0
16638.0,0
16639.0,0
16641.0,2
16642.0,0
16643.0,2
16644.0,0
16647.0,2
16648.0,2
16650.0,2
16653.0,1
16654.0,0
16655.0,1
16657.0,0
16658.0,0
16659.0,2
16660.0,0
16665.0,2
16666.0,2
16667.0,2
16668.0,0
16669.0,0
16670.0,1
16671.0,1
16672.0,1
16674.0,2
16676.0,2
16678.0,1
16679.0,0
16680.0,2
16681.0,2
16682.0,2
16685.0,2
16686.0,1
16688.0,2
16689.0,2
16690.0,0
16693.0,2
16696.0,0
16697.0,0
16698.0,2
16700.0,1
16706.0,0
16708.0,0
16709.0,1
16710.0,0
16711.0,2
16712.0,1
16714.0,0
16715.0,2
16716.0,0
16717.0,1
16718.0,2
16719.0,0
16720.0,2
16721.0,0
16722.0,1
16723.0,0
16725.0,2
16726.0,2
16727.0,2
16728.0,2
16729.0,1
16730.0,0
16732.0,0
16734.0,0
16735.0,1
16739.0,2
16742.0,0
16743.0,1
16744.0,2
16745.0,1
16746.0,1
16747.0,0
16748.0,0
16750.0,0
16751.0,1
16752.0,2
16753.0,0
16755.0,0
16756.0,0
16757.0,0
16758.0,0
16759.0,0
16761.0,2
16762.0,2
16763.0,0
16764.0,1
16766.0,2
16767.0,1
16768.0,2
16769.0,2
16770.0,2
16771.0,0
16773.0,2
16774.0,0
16775.0,0
16776.0,0
16777.0,2
16778.0,0
16780.0,0
16781.0,2
16782.0,1
16784.0,2
16788.0,0
16789.0,2
16790.0,1
16791.0,0
16792.0,0
16793.0,2
16794.0,2
16795.0,2
16796.0,2
16800.0,0
16801.0,2
16803.0,0
16804.0,0
16805.0,0
16806.0,2
16807.0,0
16808.0,2
16809.0,0
16810.0,0
16811.0,0
16812.0,0
16813.0,2
16814.0,1
16816.0,2
16817.0,1
16818.0,1
16820.0,0
16823.0,0
16824.0,0
16825.0,0
16826.0,0
16828.0,2
16829.0,0
16830.0,0
16832.0,2
16833.0,2
16834.0,0
16835.0,0
16836.0,0
16837.0,1
16838.0,2
16841.0,0
16842.0,2
16843.0,1
16846.0,2
16847.0,2
16848.0,0
16849.0,0
16850.0,0
16851.0,0
16852.0,2
16855.0,0
16856.0,2
16858.0,0
16859.0,1
16861.0,0
16863.0,0
16866.0,2
16869.0,0
16871.0,1
16872.0,2
16875.0,1
16877.0,2
16878.0,0
16880.0,2
16882.0,0
16883.0,2
16884.0,0
16885.0,2
16887.0,2
16889.0,2
16891.0,2
16892.0,2
16893.0,0
16895.0,2
16897.0,2
16898.0,0
16899.0,2
16900.0,2
16902.0,0
16903.0,2
16904.0,1
16905.0,1
16906.0,0
16907.0,2
16909.0,0
16910.0,2
16912.0,1
16913.0,0
16914.0,2
16915.0,0
16916.0,0
16917.0,0
16918.0,0
16919.0,0
16921.0,2
16924.0,2
16926.0,2
16927.0,0
16928.0,1
16929.0,2
16930.0,2
16931.0,1
16932.0,0
16933.0,1
16934.0,2
16936.0,0
16938.0,2
16940.0,1
16942.0,2
16943.0,0
16945.0,1
16947.0,0
16948.0,2
16949.0,2
16950.0,2
16951.0,0
16952.0,0
16954.0,0
16955.0,0
16956.0,0
16957.0,2
16959.0,0
16960.0,2
16961.0,0
16963.0,2
16965.0,0
16966.0,1
16967.0,2
16968.0,0
16969.0,0
16971.0,0
16976.0,2
16978.0,2
16979.0,1
16980.0,0
16982.0,0
16983.0,2
16985.0,1
16986.0,1
16987.0,2
16988.0,2
16989.0,0
16992.0,0
16996.0,1
16997.0,2
16998.0,0
16999.0,0
17001.0,1
17002.0,2
17004.0,2
17006.0,0
17007.0,2
17010.0,0
17011.0,0
17014.0,0
17015.0,0
17018.0,2
17019.0,0
17022.0,0
17024.0,0
17025.0,0
17026.0,2
17027.0,0
17029.0,2
17030.0,2
17031.0,2
17033.0,0
17034.0,0
17035.0,0
17037.0,0
17038.0,0
17040.0,0
17041.0,0
17042.0,0
17043.0,0
17044.0,0
17045.0,2
17046.0,0
17047.0,0
17048.0,1
17049.0,1
17050.0,2
17051.0,2
17052.0,2
17053.0,0
17054.0,0
17058.0,2
17059.0,1
17060.0,2
17061.0,1
17062.0,2
17063.0,1
17064.0,2
17068.0,1
17069.0,1
17070.0,0
17071.0,1
17073.0,0
17075.0,0
17076.0,2
17078.0,2
17079.0,2
17080.0,2
17081.0,0
17082.0,2
17083.0,0
17084.0,1
17085.0,2
17086.0,2
17088.0,2
17090.0,0
17091.0,1
17092.0,2
17094.0,2
17095.0,1
17096.0,0
17097.0,0
17100.0,0
17101.0,0
17105.0,2
17109.0,2
17110.0,0
17111.0,2
17114.0,2
17115.0,0
17117.0,2
17118.0,0
17119.0,0
17120.0,0
17122.0,2
17123.0,2
17124.0,0
17125.0,2
17126.0,2
17128.0,2
17131.0,2
17133.0,1
17134.0,2
17135.0,0
17138.0,0
17140.0,0
17142.0,2
17144.0,2
17146.0,0
17147.0,1
17148.0,0
17152.0,0
17153.0,0
17154.0,2
17155.0,0
17157.0,2
17158.0,0
17159.0,2
17160.0,1
17162.0,0
17163.0,2
17164.0,1
17165.0,0
17166.0,2
17169.0,2
17171.0,0
17172.0,2
17173.0,1
17174.0,2
17175.0,0
17176.0,2
17179.0,2
17180.0,2
17181.0,2
17183.0,1
17186.0,0
17187.0,0
17188.0,1
17189.0,0
17190.0,0
17191.0,2
17193.0,1
17194.0,0
17197.0,2
17198.0,2
17201.0,0
17203.0,1
17204.0,1
17205.0,0
17206.0,0
17211.0,2
17212.0,2
17213.0,1
17214.0,0
17217.0,0
17218.0,2
17219.0,0
17220.0,1
17221.0,2
17222.0,0
17223.0,0
17226.0,2
17227.0,0
17228.0,0
17229.0,0
17231.0,1
17232.0,0
17233.0,2
17234.0,2
17235.0,0
17236.0,2
17237.0,2
17238.0,1
17239.0,0
17242.0,2
17244.0,0
17245.0,2
17247.0,2
17248.0,2
17250.0,0
17251.0,2
17252.0,0
17253.0,0
17254.0,0
17255.0,2
17256.0,0
17259.0,0
17262.0,0
17263.0,2
17265.0,2
17266.0,0
17267.0,2
17268.0,0
17272.0,1
17274.0,2
17277.0,2
17278.0,0
17279.0,2
17282.0,2
17284.0,2
17286.0,2
17287.0,0
17288.0,2
17289.0,2
17290.0,0
17293.0,0
17295.0,2
17297.0,0
17298.0,0
17299.0,2
17301.0,2
17302.0,0
17303.0,0
17309.0,0
17311.0,2
17312.0,2
17313.0,1
17314.0,1
17315.0,1
17320.0,2
17321.0,0
17323.0,2
17324.0,2
17325.0,2
17329.0,2
17330.0,0
17333.0,2
17334.0,2
17337.0,1
17338.0,1
17339.0,0
17341.0,0
17343.0,2
17344.0,0
17345.0,2
17346.0,1
17348.0,2
17349.0,0
17350.0,0
17351.0,2
17353.0,0
17354.0,1
17356.0,0
17357.0,0
17358.0,2
17359.0,0
17360.0,0
17361.0,0
17362.0,2
17364.0,1
17365.0,1
17367.0,2
17368.0,2
17370.0,2
17371.0,0
17372.0,2
17373.0,2
17374.0,2
17375.0,0
17376.0,0
17377.0,1
17379.0,0
17383.0,0
17384.0,2
17385.0,2
17386.0,1
17387.0,2
17388.0,2
17391.0,0
17392.0,2
17394.0,0
17397.0,2
17398.0,0
17400.0,2
17402.0,2
17403.0,2
17405.0,0
17406.0,0
17408.0,0
17409.0,0
17410.0,0
17411.0,2
17412.0,0
17414.0,0
17415.0,0
17416.0,1
17418.0,2
17419.0,1
17420.0,0
17422.0,1
17423.0,0
17425.0,0
17426.0,1
17427.0,2
17429.0,2
17430.0,0
17431.0,2
17432.0,0
17433.0,0
17434.0,1
17436.0,2
17438.0,2
17440.0,0
17442.0,1
17444.0,0
17446.0,0
17447.0,2
17449.0,0
17451.0,1
17453.0,0
17454.0,2
17455.0,2
17456.0,2
17457.0,2
17458.0,2
17459.0,0
17460.0,2
17461.0,2
17462.0,0
17463.0,2
17464.0,0
17466.0,2
17468.0,2
17469.0,0
17470.0,0
17472.0,2
17475.0,0
17480.0,2
17481.0,2
17483.0,2
17486.0,0
17489.0,0
17490.0,1
17491.0,1
17492.0,0
17495.0,0
17496.0,2
17498.0,2
17499.0,0
17500.0,2
17501.0,0
17502.0,0
17503.0,0
17504.0,1
17505.0,0
17506.0,2
17507.0,2
17508.0,2
17510.0,0
17512.0,1
17513.0,0
17514.0,0
17515.0,0
17516.0,2
17517.0,2
17519.0,0
17520.0,0
17521.0,0
17522.0,2
17523.0,2
17524.0,0
17525.0,0
17526.0,1
17527.0,0
17528.0,1
17530.0,2
17531.0,2
17534.0,0
17535.0,2
17536.0,0
17537.0,0
17538.0,0
17540.0,0
17542.0,0
17545.0,2
17547.0,2
17548.0,0
17549.0,0
17550.0,2
17551.0,0
17552.0,2
17553.0,0
17554.0,2
17555.0,2
17556.0,0
17557.0,0
17560.0,2
17561.0,2
17562.0,2
17564.0,0
17566.0,2
17567.0,1
17569.0,0
17571.0,2
17572.0,0
17573.0,2
17574.0,0
17576.0,1
17578.0,2
17579.0,0
17580.0,0
17582.0,2
17584.0,2
17585.0,0
17588.0,0
17589.0,0
17590.0,0
17591.0,0
17593.0,1
17594.0,2
17595.0,2
17596.0,1
17597.0,1
17600.0,0
17601.0,2
17602.0,1
17603.0,2
17604.0,2
17608.0,2
17609.0,2
17611.0,1
17612.0,1
17613.0,1
17614.0,2
17615.0,2
17616.0,0
17618.0,2
17619.0,0
17620.0,0
17621.0,0
17623.0,0
17624.0,2
17625.0,2
17628.0,0
17629.0,2
17630.0,2
17631.0,2
17633.0,1
17634.0,2
17636.0,2
17637.0,0
17639.0,0
17640.0,0
17642.0,2
17643.0,0
17644.0,1
17646.0,2
17647.0,0
17648.0,0
17649.0,2
17650.0,2
17651.0,1
17652.0,1
17653.0,0
17654.0,0
17655.0,0
17656.0,0
17658.0,0
17659.0,1
17660.0,2
17663.0,1
17664.0,0
17666.0,0
17667.0,0
17668.0,0
17669.0,1
17670.0,0
17671.0,2
17672.0,1
17673.0,2
17674.0,0
17676.0,0
17678.0,0
17679.0,1
17680.0,0
17682.0,1
17684.0,2
17685.0,1
17686.0,1
17690.0,1
17691.0,2
17692.0,0
17693.0,0
17694.0,2
17695.0,0
17696.0,1
17697.0,2
17698.0,2
17700.0,1
17701.0,2
17702.0,1
17703.0,0
17704.0,2
17705.0,0
17707.0,2
17708.0,0
17709.0,2
17711.0,0
17712.0,0
17714.0,2
17716.0,1
17718.0,2
17719.0,1
17720.0,2
17722.0,1
17723.0,0
17724.0,2
17725.0,1
17727.0,2
17728.0,1
17730.0,1
17731.0,0
17732.0,2
17733.0,0
17734.0,0
17735.0,1
17736.0,2
17737.0,0
17738.0,1
17739.0,0
17742.0,0
17744.0,1
17746.0,0
17747.0,0
17749.0,0
17750.0,1
17754.0,0
17757.0,1
17758.0,2
17759.0,0
17760.0,2
17761.0,0
17764.0,2
17765.0,0
17767.0,2
17768.0,2
17769.0,1
17770.0,0
17771.0,2
17772.0,0
17774.0,2
17775.0,0
17777.0,0
17779.0,0
17781.0,2
17783.0,0
17785.0,0
17786.0,2
17787.0,2
17788.0,0
17789.0,2
17790.0,2
17791.0,2
17793.0,0
17795.0,0
17796.0,2
17797.0,2
17799.0,1
17800.0,2
17802.0,2
17805.0,0
17806.0,0
17809.0,1
17812.0,2
17813.0,1
17816.0,2
17817.0,0
17819.0,1
17820.0,0
17824.0,0
17827.0,1
17828.0,1
17829.0,0
17830.0,2
17831.0,2
17832.0,2
17835.0,0
17836.0,2
17837.0,1
17838.0,2
17839.0,2
17843.0,0
17844.0,2
17848.0,2
17849.0,0
17852.0,0
17854.0,0
17855.0,2
17856.0,1
17858.0,1
17859.0,0
17860.0,0
17861.0,1
17862.0,2
17863.0,1
17864.0,2
17866.0,0
17867.0,1
17869.0,0
17870.0,1
17871.0,2
17873.0,0
17874.0,2
17877.0,0
17878.0,2
17879.0,2
17880.0,2
17881.0,0
17883.0,2
17884.0,0
17885.0,2
17886.0,0
17887.0,0
17888.0,2
17889.0,2
17890.0,0
17891.0,2
17892.0,2
17893.0,2
17894.0,0
17895.0,0
17896.0,0
17897.0,0
17898.0,0
17899.0,2
17900.0,0
17901.0,2
17904.0,2
17905.0,0
17906.0,0
17908.0,0
17911.0,0
17912.0,2
17913.0,2
17914.0,0
17917.0,0
17919.0,0
17920.0,1
17921.0,2
17926.0,2
17928.0,2
17929.0,2
17930.0,2
17931.0,0
17932.0,2
17934.0,0
17935.0,2
17936.0,2
17937.0,1
17939.0,2
17940.0,1
17941.0,0
17942.0,2
17946.0,0
17947.0,0
17950.0,2
17951.0,0
17954.0,1
17955.0,0
17957.0,0
17958.0,0
17960.0,0
17961.0,1
17962.0,0
17964.0,0
17965.0,2
17966.0,0
17967.0,2
17968.0,0
17969.0,0
17970.0,2
17972.0,0
17973.0,0
17974.0,0
17975.0,1
17976.0,2
17977.0,2
17978.0,2
17979.0,2
17980.0,0
17984.0,2
17985.0,2
17987.0,0
17988.0,0
17990.0,2
17991.0,2
17994.0,0
17995.0,2
17997.0,1
17999.0,0
18001.0,0
18004.0,2
18005.0,0
18006.0,0
18008.0,0
18009.0,0
18010.0,0
18011.0,0
18013.0,2
18014.0,2
18015.0,0
18016.0,0
18017.0,0
18018.0,0
18019.0,0
18022.0,2
18024.0,2
18027.0,2
18030.0,0
18032.0,2
18033.0,0
18034.0,2
18035.0,2
18036.0,2
18037.0,2
18040.0,2
18041.0,1
18042.0,0
18043.0,0
18044.0,0
18045.0,0
18048.0,2
18050.0,0
18053.0,2
18055.0,1
18056.0,2
18058.0,0
18059.0,0
18061.0,2
18062.0,0
18064.0,2
18065.0,1
18066.0,2
18067.0,2
18069.0,0
18071.0,2
18072.0,0
18073.0,1
18074.0,0
18075.0,1
18077.0,2
18078.0,2
18079.0,1
18081.0,2
18082.0,0
18084.0,0
18085.0,2
18086.0,2
18088.0,2
18092.0,1
18093.0,1
18094.0,0
18095.0,0
18096.0,2
18097.0,1
18099.0,2
18101.0,0
18104.0,0
18105.0,0
18106.0,2
18108.0,0
18110.0,2
18112.0,2
18114.0,0
18116.0,2
18117.0,0
18119.0,0
18120.0,0
18121.0,2
18122.0,2
18123.0,0
18125.0,2
18126.0,0
18127.0,2
18129.0,2
18130.0,1
18135.0,2
18136.0,0
18138.0,2
18142.0,2
18143.0,0
18144.0,0
18145.0,2
18146.0,2
18147.0,0
18149.0,2
18150.0,2
18151.0,2
18154.0,2
18155.0,0
18156.0,2
18158.0,0
18159.0,2
18160.0,2
18161.0,2
18164.0,0
18165.0,0
18167.0,2
18168.0,2
18169.0,0
18170.0,2
18171.0,1
18172.0,1
18173.0,2
18176.0,2
18177.0,0
18178.0,1
18179.0,0
18180.0,0
18181.0,0
18183.0,2
18185.0,0
18188.0,1
18189.0,2
18190.0,2
18191.0,0
18192.0,2
18193.0,0
18194.0,2
18196.0,0
18198.0,1
18200.0,2
18202.0,0
18203.0,0
18204.0,0
18205.0,2
18209.0,2
18210.0,1
18211.0,2
18212.0,0
18213.0,2
18215.0,2
18216.0,0
18217.0,2
18218.0,2
18219.0,0
18220.0,0
18221.0,2
18222.0,2
18224.0,0
18225.0,1
18226.0,1
18227.0,2
18228.0,0
18229.0,1
18230.0,1
18231.0,0
18232.0,0
18235.0,1
18236.0,0
18237.0,2
18239.0,2
18240.0,0
18241.0,0
18242.0,1
18245.0,1
18246.0,0
18248.0,0
18249.0,0
18250.0,0
18252.0,2
18255.0,2
18256.0,0
18257.0,1
18259.0,1
18260.0,1
18261.0,0
18262.0,2
18263.0,2
18265.0,0
18268.0,2
18269.0,0
18270.0,0
18272.0,1
18273.0,0
18274.0,0
18276.0,2
18277.0,0
18278.0,0
18280.0,0
18281.0,2
18282.0,2
18283.0,1
18287.0,0
